cipher,mean,St Dev, median,90th Pct,max,min
AEAD_ECDSA256_X25519,1462.46464646,416.307537671,1401.5,1796.3,9018.0,1012.0
AEAD_ECDSA256,1577.01717172,220.506773317,1543.5,1769.1,6302.0,1239.0
AEAD_RSA2048_X25519,1173.40909091,224.506779988,1137.0,1354.2,6162.0,921.0
AEAD_RSA2048,1642.86464646,287.43112985,1590.5,1920.2,7330.0,1246.0
