cipher,mean,St Dev, median,90th Pct,max,min
AEAD_ECDSA256_X25519,1563.12525253,180.756486866,1578.0,1770.0,2451.0,931.0
