cipher,mean,St Dev, median,90th Pct,max,min
AEAD_ECDSA256_X25519,125476.256566,13216.2386574,125316.0,128097.3,527893.0,119819.0
