cipher,mean,St Dev, median,90th Pct,max,min
AEAD_ECDSA256_X25519,749.186868687,183.269102879,731.5,964.0,2411.0,469.0
AEAD_ECDSA256,741.702020202,111.930845786,721.5,893.0,1254.0,561.0
AEAD_RSA2048_X25519,585.071717172,90.0821617566,558.0,713.1,980.0,457.0
AEAD_RSA2048,762.531313131,131.653342361,728.0,962.1,1486.0,575.0
