cipher,mean,St Dev, median,90th Pct,max,min
AEAD_ECDSA256_X25519,1701.6979798,223.281239279,1660.5,1946.3,3989.0,1382.0
