cipher,mean,St Dev, median,90th Pct,max,min
AEAD_ECDSA256_X25519,127882.868687,14047.396201,125911.0,131988.7,536816.0,121911.0
